left_hip_angle,right_hip_angle,confidence,feedback,label
177.48976657538668,173.99244664805764,175.74110661172216,Lower your hips slightly on the left side! Lower your hips slightly on the right side!,Incorrect
3.1203295956353756,5.769376563802711,4.444853079719043,Straighten up your back on the left side! Straighten up your back on the right side!,Incorrect
27.81474314804809,11.168048640601622,19.491395894324857,Straighten up your back on the left side! Straighten up your back on the right side!,Incorrect
152.47494365039057,116.33490954602591,134.40492659820825,Lower your hips slightly on the left side! Lower your hips slightly on the right side!,Incorrect
19.3785788805255,12.978446977318304,16.1785129289219,Straighten up your back on the left side! Straighten up your back on the right side!,Incorrect
39.69099948740274,53.88819243882204,46.78959596311239,Straighten up your back on the left side! Straighten up your back on the right side!,Incorrect
32.37026721532757,19.024275440095206,25.69727132771139,Straighten up your back on the left side! Straighten up your back on the right side!,Incorrect
15.114871238911528,27.52660915819199,21.32074019855176,Straighten up your back on the left side! Straighten up your back on the right side!,Incorrect
174.731281621818,177.41672798478498,176.07400480330148,Lower your hips slightly on the left side! Lower your hips slightly on the right side!,Incorrect
175.21550646748898,176.99885131111063,176.1071788892998,Lower your hips slightly on the left side! Lower your hips slightly on the right side!,Incorrect
175.2949024074331,177.76448405119837,176.52969322931574,Lower your hips slightly on the left side! Lower your hips slightly on the right side!,Incorrect
175.39516938832148,177.2346987098792,176.31493404910034,Lower your hips slightly on the left side! Lower your hips slightly on the right side!,Incorrect
175.50740893412402,176.9081530208159,176.20778097746995,Lower your hips slightly on the left side! Lower your hips slightly on the right side!,Incorrect
175.981068544352,176.28281029765677,176.1319394210044,Lower your hips slightly on the left side! Lower your hips slightly on the right side!,Incorrect
175.93224548958915,176.33996778203124,176.1361066358102,Lower your hips slightly on the left side! Lower your hips slightly on the right side!,Incorrect
175.93933190927245,176.28661713309938,176.11297452118592,Lower your hips slightly on the left side! Lower your hips slightly on the right side!,Incorrect
175.65616486643592,174.95315964519926,175.3046622558176,Lower your hips slightly on the left side! Lower your hips slightly on the right side!,Incorrect
175.5481661949763,175.92752541232073,175.7378458036485,Lower your hips slightly on the left side! Lower your hips slightly on the right side!,Incorrect
175.5654571114969,175.93986463908283,175.75266087528985,Lower your hips slightly on the left side! Lower your hips slightly on the right side!,Incorrect
175.59024332343742,176.3148804978849,175.95256191066116,Lower your hips slightly on the left side! Lower your hips slightly on the right side!,Incorrect
175.54325942513793,176.82014587057506,176.1817026478565,Lower your hips slightly on the left side! Lower your hips slightly on the right side!,Incorrect
175.5399153932888,176.8397841314573,176.18984976237306,Lower your hips slightly on the left side! Lower your hips slightly on the right side!,Incorrect
175.5767438461067,176.57230334724713,176.0745235966769,Lower your hips slightly on the left side! Lower your hips slightly on the right side!,Incorrect
175.56634964572697,176.65051085439137,176.10843025005917,Lower your hips slightly on the left side! Lower your hips slightly on the right side!,Incorrect
175.75924343440965,176.39207440377393,176.07565891909178,Lower your hips slightly on the left side! Lower your hips slightly on the right side!,Incorrect
175.8338820666179,176.47611774109117,176.15499990385453,Lower your hips slightly on the left side! Lower your hips slightly on the right side!,Incorrect
175.76950757536773,176.30250150417652,176.03600453977214,Lower your hips slightly on the left side! Lower your hips slightly on the right side!,Incorrect
175.75339846297672,176.44109036007308,176.0972444115249,Lower your hips slightly on the left side! Lower your hips slightly on the right side!,Incorrect
175.74009578123568,176.59288356636773,176.16648967380172,Lower your hips slightly on the left side! Lower your hips slightly on the right side!,Incorrect
175.58792454348895,176.6118257850274,176.09987516425818,Lower your hips slightly on the left side! Lower your hips slightly on the right side!,Incorrect
175.66447938512408,176.51724568365188,176.09086253438798,Lower your hips slightly on the left side! Lower your hips slightly on the right side!,Incorrect
175.66816212617684,176.5140330376696,176.09109758192324,Lower your hips slightly on the left side! Lower your hips slightly on the right side!,Incorrect
175.36618605633458,176.64581556262382,176.0060008094792,Lower your hips slightly on the left side! Lower your hips slightly on the right side!,Incorrect
175.0691765039592,176.73162921201228,175.90040285798574,Lower your hips slightly on the left side! Lower your hips slightly on the right side!,Incorrect
175.01773789309968,176.5192588032478,175.76849834817375,Lower your hips slightly on the left side! Lower your hips slightly on the right side!,Incorrect
175.05896993182787,176.2289601143938,175.64396502311084,Lower your hips slightly on the left side! Lower your hips slightly on the right side!,Incorrect
175.18016798483976,175.88715599998918,175.53366199241447,Lower your hips slightly on the left side! Lower your hips slightly on the right side!,Incorrect
174.64594910144223,176.0935619756146,175.3697555385284,Lower your hips slightly on the left side! Lower your hips slightly on the right side!,Incorrect
175.32524774364754,175.2883772575002,175.30681250057387,Lower your hips slightly on the left side! Lower your hips slightly on the right side!,Incorrect
175.24636512041062,175.33262214577115,175.2894936330909,Lower your hips slightly on the left side! Lower your hips slightly on the right side!,Incorrect
175.3160659219504,175.30941706932038,175.3127414956354,Lower your hips slightly on the left side! Lower your hips slightly on the right side!,Incorrect
175.33895695208048,175.45222120300548,175.39558907754298,Lower your hips slightly on the left side! Lower your hips slightly on the right side!,Incorrect
175.0850041468399,175.8931310628021,175.489067604821,Lower your hips slightly on the left side! Lower your hips slightly on the right side!,Incorrect
175.0452817972874,176.07404249090038,175.5596621440939,Lower your hips slightly on the left side! Lower your hips slightly on the right side!,Incorrect
175.0044158022461,176.64763488924,175.82602534574306,Lower your hips slightly on the left side! Lower your hips slightly on the right side!,Incorrect
175.8375954717132,175.94564905789073,175.89162226480198,Lower your hips slightly on the left side! Lower your hips slightly on the right side!,Incorrect
175.92632879254288,175.94671234651298,175.93652056952794,Lower your hips slightly on the left side! Lower your hips slightly on the right side!,Incorrect
175.70247048966723,175.83630090983408,175.76938569975067,Lower your hips slightly on the left side! Lower your hips slightly on the right side!,Incorrect
175.77761585217462,175.98781014373455,175.88271299795457,Lower your hips slightly on the left side! Lower your hips slightly on the right side!,Incorrect
175.60546185965197,176.0140123417364,175.80973710069418,Lower your hips slightly on the left side! Lower your hips slightly on the right side!,Incorrect
175.5796763520393,176.42335225693245,176.00151430448585,Lower your hips slightly on the left side! Lower your hips slightly on the right side!,Incorrect
175.64148151725547,176.40628253571498,176.02388202648524,Lower your hips slightly on the left side! Lower your hips slightly on the right side!,Incorrect
175.8887778167655,175.84253455351356,175.86565618513953,Lower your hips slightly on the left side! Lower your hips slightly on the right side!,Incorrect
175.87340864157184,175.80149867522766,175.83745365839974,Lower your hips slightly on the left side! Lower your hips slightly on the right side!,Incorrect
175.8834160841909,175.81111963884655,175.84726786151873,Lower your hips slightly on the left side! Lower your hips slightly on the right side!,Incorrect
176.03592136494643,175.84615183723338,175.9410366010899,Lower your hips slightly on the left side! Lower your hips slightly on the right side!,Incorrect
175.89188693467872,175.4168749981752,175.65438096642697,Lower your hips slightly on the left side! Lower your hips slightly on the right side!,Incorrect
175.89986178333194,175.37174803066077,175.63580490699636,Lower your hips slightly on the left side! Lower your hips slightly on the right side!,Incorrect
175.9999608142854,175.39255573798604,175.69625827613572,Lower your hips slightly on the left side! Lower your hips slightly on the right side!,Incorrect
176.11756847085385,175.16984511173507,175.64370679129445,Lower your hips slightly on the left side! Lower your hips slightly on the right side!,Incorrect
175.79589229192345,175.46057620584295,175.6282342488832,Lower your hips slightly on the left side! Lower your hips slightly on the right side!,Incorrect
175.53763676243753,175.79496767490383,175.6663022186707,Lower your hips slightly on the left side! Lower your hips slightly on the right side!,Incorrect
175.59197428503518,175.98549920389354,175.78873674446436,Lower your hips slightly on the left side! Lower your hips slightly on the right side!,Incorrect
175.88966254785052,176.03383855841153,175.96175055313103,Lower your hips slightly on the left side! Lower your hips slightly on the right side!,Incorrect
175.97475322416537,175.91933534613366,175.9470442851495,Lower your hips slightly on the left side! Lower your hips slightly on the right side!,Incorrect
175.38524175975684,176.26441507877763,175.82482841926725,Lower your hips slightly on the left side! Lower your hips slightly on the right side!,Incorrect
175.413020271807,176.23273206006706,175.82287616593703,Lower your hips slightly on the left side! Lower your hips slightly on the right side!,Incorrect
175.55012615307106,176.0807259730664,175.81542606306874,Lower your hips slightly on the left side! Lower your hips slightly on the right side!,Incorrect
175.14021211366153,176.76559598456268,175.9529040491121,Lower your hips slightly on the left side! Lower your hips slightly on the right side!,Incorrect
175.3572577408497,176.44429624903057,175.90077699494014,Lower your hips slightly on the left side! Lower your hips slightly on the right side!,Incorrect
175.3032754621613,176.68447189053214,175.9938736763467,Lower your hips slightly on the left side! Lower your hips slightly on the right side!,Incorrect
175.5943231389968,176.1298868979123,175.86210501845454,Lower your hips slightly on the left side! Lower your hips slightly on the right side!,Incorrect
175.10551768680398,176.19589540749956,175.65070654715177,Lower your hips slightly on the left side! Lower your hips slightly on the right side!,Incorrect
174.95271234745533,176.98518300945008,175.9689476784527,Lower your hips slightly on the left side! Lower your hips slightly on the right side!,Incorrect
175.02430662220695,176.76243915534914,175.89337288877806,Lower your hips slightly on the left side! Lower your hips slightly on the right side!,Incorrect
175.26463214481103,176.71033832938983,175.98748523710043,Lower your hips slightly on the left side! Lower your hips slightly on the right side!,Incorrect
175.98068990196992,176.07630116731568,176.0284955346428,Lower your hips slightly on the left side! Lower your hips slightly on the right side!,Incorrect
176.51535117169942,175.4454139665457,175.98038256912255,Lower your hips slightly on the left side! Lower your hips slightly on the right side!,Incorrect
176.80438465006202,175.48323832230028,176.14381148618116,Lower your hips slightly on the left side! Lower your hips slightly on the right side!,Incorrect
176.16270947912653,175.7859430111525,175.97432624513954,Lower your hips slightly on the left side! Lower your hips slightly on the right side!,Incorrect
176.2605200916386,175.60937145283611,175.93494577223737,Lower your hips slightly on the left side! Lower your hips slightly on the right side!,Incorrect
175.9335752975904,175.36676262221692,175.65016895990368,Lower your hips slightly on the left side! Lower your hips slightly on the right side!,Incorrect
175.85330277408204,175.31252873570966,175.58291575489585,Lower your hips slightly on the left side! Lower your hips slightly on the right side!,Incorrect
175.81630624662048,175.3690794800017,175.59269286331107,Lower your hips slightly on the left side! Lower your hips slightly on the right side!,Incorrect
175.91815159915373,175.45891531441754,175.68853345678565,Lower your hips slightly on the left side! Lower your hips slightly on the right side!,Incorrect
175.7188167683996,175.5003539009939,175.60958533469676,Lower your hips slightly on the left side! Lower your hips slightly on the right side!,Incorrect
175.52149289834412,175.44920373854637,175.48534831844523,Lower your hips slightly on the left side! Lower your hips slightly on the right side!,Incorrect
175.4044326284523,176.38703118922888,175.8957319088406,Lower your hips slightly on the left side! Lower your hips slightly on the right side!,Incorrect
175.0399796840395,176.9547123993848,175.99734604171215,Lower your hips slightly on the left side! Lower your hips slightly on the right side!,Incorrect
175.15968988396847,176.88313100931768,176.02141044664307,Lower your hips slightly on the left side! Lower your hips slightly on the right side!,Incorrect
175.1464349191809,176.8852614538788,176.01584818652987,Lower your hips slightly on the left side! Lower your hips slightly on the right side!,Incorrect
175.22918123432402,176.87912516837912,176.05415320135157,Lower your hips slightly on the left side! Lower your hips slightly on the right side!,Incorrect
175.3562425499462,176.8608427367817,176.10854264336393,Lower your hips slightly on the left side! Lower your hips slightly on the right side!,Incorrect
175.35218741855243,176.90947016201312,176.13082879028278,Lower your hips slightly on the left side! Lower your hips slightly on the right side!,Incorrect
175.54551400933218,176.89075169323516,176.21813285128366,Lower your hips slightly on the left side! Lower your hips slightly on the right side!,Incorrect
175.80132462407303,176.8235664436156,176.3124455338443,Lower your hips slightly on the left side! Lower your hips slightly on the right side!,Incorrect
175.17465124561255,176.86493277212907,176.0197920088708,Lower your hips slightly on the left side! Lower your hips slightly on the right side!,Incorrect
175.9203108508268,172.72539660951674,174.32285373017177,Lower your hips slightly on the left side! Lower your hips slightly on the right side!,Incorrect
176.91427070231484,174.84210427101797,175.8781874866664,Lower your hips slightly on the left side! Lower your hips slightly on the right side!,Incorrect
178.19984914591402,175.2579981815085,176.72892366371127,Lower your hips slightly on the left side! Lower your hips slightly on the right side!,Incorrect
178.69709693176557,175.9070576061708,177.3020772689682,Lower your hips slightly on the left side! Lower your hips slightly on the right side!,Incorrect
176.55730513796289,177.51858947581638,177.03794730688963,Lower your hips slightly on the left side! Lower your hips slightly on the right side!,Incorrect
175.0684022295687,176.7725449786581,175.9204736041134,Lower your hips slightly on the left side! Lower your hips slightly on the right side!,Incorrect
176.1766471513709,179.71298275491733,177.94481495314412,Lower your hips slightly on the left side! Lower your hips slightly on the right side!,Incorrect
177.73580306842067,178.71859523640302,178.22719915241186,Lower your hips slightly on the left side! Lower your hips slightly on the right side!,Incorrect
177.88983682930078,177.74437734465653,177.81710708697864,Lower your hips slightly on the left side! Lower your hips slightly on the right side!,Incorrect
177.94583432419017,178.08688468749872,178.01635950584443,Lower your hips slightly on the left side! Lower your hips slightly on the right side!,Incorrect
178.2116110108194,176.74656129175796,177.4790861512887,Lower your hips slightly on the left side! Lower your hips slightly on the right side!,Incorrect
177.52777999654896,174.96618197527448,176.2469809859117,Lower your hips slightly on the left side! Lower your hips slightly on the right side!,Incorrect
177.01963713362184,175.1127242098947,176.06618067175827,Lower your hips slightly on the left side! Lower your hips slightly on the right side!,Incorrect
177.04295520532327,174.3319166322174,175.68743591877035,Lower your hips slightly on the left side! Lower your hips slightly on the right side!,Incorrect
177.6499299171259,174.2487487611013,175.94933933911358,Lower your hips slightly on the left side! Lower your hips slightly on the right side!,Incorrect
177.50566689121575,175.40336744056341,176.45451716588957,Lower your hips slightly on the left side! Lower your hips slightly on the right side!,Incorrect
177.49773000405196,175.51757466330423,176.5076523336781,Lower your hips slightly on the left side! Lower your hips slightly on the right side!,Incorrect
177.86804061453537,175.18995040741234,176.52899551097386,Lower your hips slightly on the left side! Lower your hips slightly on the right side!,Incorrect
178.03873381819244,175.92486278458279,176.9817983013876,Lower your hips slightly on the left side! Lower your hips slightly on the right side!,Incorrect
176.98579613651864,178.75171623555246,177.86875618603557,Lower your hips slightly on the left side! Lower your hips slightly on the right side!,Incorrect
178.2193965636832,179.3163513697478,178.7678739667155,Lower your hips slightly on the left side! Lower your hips slightly on the right side!,Incorrect
178.36811738668996,178.97555915799356,178.67183827234174,Lower your hips slightly on the left side! Lower your hips slightly on the right side!,Incorrect
177.08624737336245,177.778537745596,177.43239255947924,Lower your hips slightly on the left side! Lower your hips slightly on the right side!,Incorrect
177.18288816211106,177.37770214118544,177.28029515164826,Lower your hips slightly on the left side! Lower your hips slightly on the right side!,Incorrect
175.90854704476342,179.84385188684158,177.8761994658025,Lower your hips slightly on the left side! Lower your hips slightly on the right side!,Incorrect
174.64437079281728,179.05697389085216,176.85067234183472,Lower your hips slightly on the left side! Lower your hips slightly on the right side!,Incorrect
175.3837112701766,178.5584998612491,176.97110556571283,Lower your hips slightly on the left side! Lower your hips slightly on the right side!,Incorrect
175.8410597071321,178.30435214876314,177.07270592794762,Lower your hips slightly on the left side! Lower your hips slightly on the right side!,Incorrect
175.9935070318638,177.7253282721044,176.8594176519841,Lower your hips slightly on the left side! Lower your hips slightly on the right side!,Incorrect
175.8597482666105,178.76067092635316,177.31020959648183,Lower your hips slightly on the left side! Lower your hips slightly on the right side!,Incorrect
176.49527216151552,178.65669579546787,177.5759839784917,Lower your hips slightly on the left side! Lower your hips slightly on the right side!,Incorrect
177.9400351526039,177.63307459310798,177.78655487285596,Lower your hips slightly on the left side! Lower your hips slightly on the right side!,Incorrect
177.85515434708051,177.1848947547183,177.5200245508994,Lower your hips slightly on the left side! Lower your hips slightly on the right side!,Incorrect
177.36328433902358,177.3712161889896,177.3672502640066,Lower your hips slightly on the left side! Lower your hips slightly on the right side!,Incorrect
177.47210388321673,176.4361649395622,176.95413441138948,Lower your hips slightly on the left side! Lower your hips slightly on the right side!,Incorrect
176.96495414076736,177.01922352791198,176.99208883433965,Lower your hips slightly on the left side! Lower your hips slightly on the right side!,Incorrect
176.78020741543162,177.4597323659693,177.11996989070047,Lower your hips slightly on the left side! Lower your hips slightly on the right side!,Incorrect
176.62904985115148,177.04840577875208,176.83872781495177,Lower your hips slightly on the left side! Lower your hips slightly on the right side!,Incorrect
176.73584866510896,175.95657598851835,176.34621232681366,Lower your hips slightly on the left side! Lower your hips slightly on the right side!,Incorrect
176.88141333398661,176.16178857460153,176.52160095429406,Lower your hips slightly on the left side! Lower your hips slightly on the right side!,Incorrect
177.9278402733542,175.7897939518677,176.85881711261095,Lower your hips slightly on the left side! Lower your hips slightly on the right side!,Incorrect
177.98703088716837,175.95626085575955,176.97164587146398,Lower your hips slightly on the left side! Lower your hips slightly on the right side!,Incorrect
177.86226603377685,176.0731044353062,176.96768523454153,Lower your hips slightly on the left side! Lower your hips slightly on the right side!,Incorrect
177.91137743712824,176.01417415010212,176.96277579361518,Lower your hips slightly on the left side! Lower your hips slightly on the right side!,Incorrect
178.041789761395,176.16736846866377,177.10457911502937,Lower your hips slightly on the left side! Lower your hips slightly on the right side!,Incorrect
177.86561078891626,176.88328262932953,177.37444670912288,Lower your hips slightly on the left side! Lower your hips slightly on the right side!,Incorrect
177.59719099120406,176.95348303640762,177.27533701380582,Lower your hips slightly on the left side! Lower your hips slightly on the right side!,Incorrect
177.83387354428615,176.23836404378255,177.03611879403434,Lower your hips slightly on the left side! Lower your hips slightly on the right side!,Incorrect
177.2575780928125,176.53765227029945,176.89761518155598,Lower your hips slightly on the left side! Lower your hips slightly on the right side!,Incorrect
177.11009791108856,176.6144289555693,176.86226343332893,Lower your hips slightly on the left side! Lower your hips slightly on the right side!,Incorrect
177.22918181556793,176.78780070824726,177.00849126190758,Lower your hips slightly on the left side! Lower your hips slightly on the right side!,Incorrect
177.37210146105633,176.49086925970033,176.93148536037833,Lower your hips slightly on the left side! Lower your hips slightly on the right side!,Incorrect
177.4384890829186,176.40662187419647,176.92255547855754,Lower your hips slightly on the left side! Lower your hips slightly on the right side!,Incorrect
177.712319180811,177.18998550046538,177.4511523406382,Lower your hips slightly on the left side! Lower your hips slightly on the right side!,Incorrect
177.39264668451492,177.37714891080162,177.38489779765825,Lower your hips slightly on the left side! Lower your hips slightly on the right side!,Incorrect
177.11255398353558,177.10080780888904,177.1066808962123,Lower your hips slightly on the left side! Lower your hips slightly on the right side!,Incorrect
176.81153538656542,176.82737743787285,176.81945641221915,Lower your hips slightly on the left side! Lower your hips slightly on the right side!,Incorrect
176.8510275704704,177.40436257952166,177.12769507499604,Lower your hips slightly on the left side! Lower your hips slightly on the right side!,Incorrect
176.6092851188616,176.91820326902,176.7637441939408,Lower your hips slightly on the left side! Lower your hips slightly on the right side!,Incorrect
177.05885764912256,175.86322012816177,176.46103888864218,Lower your hips slightly on the left side! Lower your hips slightly on the right side!,Incorrect
178.38972555728296,176.67427994844397,177.53200275286346,Lower your hips slightly on the left side! Lower your hips slightly on the right side!,Incorrect
179.34155390658336,177.18986508501274,178.26570949579803,Lower your hips slightly on the left side! Lower your hips slightly on the right side!,Incorrect
179.9829926751657,176.1489709657383,178.065981820452,Lower your hips slightly on the left side! Lower your hips slightly on the right side!,Incorrect
179.14195517158822,176.2362974085869,177.68912629008756,Lower your hips slightly on the left side! Lower your hips slightly on the right side!,Incorrect
179.67399890199206,176.41754675974457,178.04577283086832,Lower your hips slightly on the left side! Lower your hips slightly on the right side!,Incorrect
179.8048781880962,177.26386605851047,178.53437212330334,Lower your hips slightly on the left side! Lower your hips slightly on the right side!,Incorrect
179.66213323457623,177.41288558082834,178.5375094077023,Lower your hips slightly on the left side! Lower your hips slightly on the right side!,Incorrect
178.33340298061222,177.43695248898297,177.8851777347976,Lower your hips slightly on the left side! Lower your hips slightly on the right side!,Incorrect
176.8609616767282,178.8529573498281,177.85695951327816,Lower your hips slightly on the left side! Lower your hips slightly on the right side!,Incorrect
175.46198891890862,179.86906370742227,177.66552631316546,Lower your hips slightly on the left side! Lower your hips slightly on the right side!,Incorrect
175.80135353854595,179.61062784969445,177.7059906941202,Lower your hips slightly on the left side! Lower your hips slightly on the right side!,Incorrect
175.63695607338573,179.91951312370063,177.77823459854318,Lower your hips slightly on the left side! Lower your hips slightly on the right side!,Incorrect
176.18040532889694,179.55280367009541,177.8666044994962,Lower your hips slightly on the left side! Lower your hips slightly on the right side!,Incorrect
177.44315848684792,177.8567299246109,177.6499442057294,Lower your hips slightly on the left side! Lower your hips slightly on the right side!,Incorrect
177.90226813584673,177.54935348590357,177.72581081087515,Lower your hips slightly on the left side! Lower your hips slightly on the right side!,Incorrect
178.21541408118557,175.55051241839035,176.88296324978796,Lower your hips slightly on the left side! Lower your hips slightly on the right side!,Incorrect
178.47674163755062,175.31148307078132,176.89411235416597,Lower your hips slightly on the left side! Lower your hips slightly on the right side!,Incorrect
178.41996006871366,175.42135510638371,176.9206575875487,Lower your hips slightly on the left side! Lower your hips slightly on the right side!,Incorrect
178.48323638326048,175.70202657190623,177.09263147758335,Lower your hips slightly on the left side! Lower your hips slightly on the right side!,Incorrect
178.35460998397136,175.87545218856283,177.1150310862671,Lower your hips slightly on the left side! Lower your hips slightly on the right side!,Incorrect
178.38218222199492,176.1043730987192,177.24327766035708,Lower your hips slightly on the left side! Lower your hips slightly on the right side!,Incorrect
178.73112907132048,175.35272586494798,177.04192746813425,Lower your hips slightly on the left side! Lower your hips slightly on the right side!,Incorrect
178.69214377786813,175.4820047022648,177.08707424006644,Lower your hips slightly on the left side! Lower your hips slightly on the right side!,Incorrect
177.7478438017501,175.63151041241517,176.68967710708262,Lower your hips slightly on the left side! Lower your hips slightly on the right side!,Incorrect
177.37870030396013,176.00612686480292,176.69241358438154,Lower your hips slightly on the left side! Lower your hips slightly on the right side!,Incorrect
176.33350863275535,175.72724679585946,176.0303777143074,Lower your hips slightly on the left side! Lower your hips slightly on the right side!,Incorrect
176.3310619263629,176.20363222269015,176.26734707452653,Lower your hips slightly on the left side! Lower your hips slightly on the right side!,Incorrect
176.35504258805403,176.62778347105382,176.49141302955394,Lower your hips slightly on the left side! Lower your hips slightly on the right side!,Incorrect
176.02230031538488,176.71169519682445,176.36699775610467,Lower your hips slightly on the left side! Lower your hips slightly on the right side!,Incorrect
175.8622746251158,177.0355440383476,176.4489093317317,Lower your hips slightly on the left side! Lower your hips slightly on the right side!,Incorrect
176.97022901835157,176.61662938390916,176.79342920113038,Lower your hips slightly on the left side! Lower your hips slightly on the right side!,Incorrect
176.9934543867165,176.95168841658375,176.97257140165013,Lower your hips slightly on the left side! Lower your hips slightly on the right side!,Incorrect
177.6373165693039,176.64931693603032,177.1433167526671,Lower your hips slightly on the left side! Lower your hips slightly on the right side!,Incorrect
177.78866711627168,176.520754839784,177.15471097802782,Lower your hips slightly on the left side! Lower your hips slightly on the right side!,Incorrect
178.21448207346594,176.17954543270892,177.19701375308745,Lower your hips slightly on the left side! Lower your hips slightly on the right side!,Incorrect
178.21160730124623,175.84191475869514,177.0267610299707,Lower your hips slightly on the left side! Lower your hips slightly on the right side!,Incorrect
178.38679578305016,176.16487350735161,177.2758346452009,Lower your hips slightly on the left side! Lower your hips slightly on the right side!,Incorrect
178.6961830424104,176.40010594203892,177.54814449222465,Lower your hips slightly on the left side! Lower your hips slightly on the right side!,Incorrect
177.3932336213932,176.58558104070497,176.98940733104908,Lower your hips slightly on the left side! Lower your hips slightly on the right side!,Incorrect
176.8629056685344,175.4582848670305,176.16059526778247,Lower your hips slightly on the left side! Lower your hips slightly on the right side!,Incorrect
176.15568229045294,176.99718443309126,176.5764333617721,Lower your hips slightly on the left side! Lower your hips slightly on the right side!,Incorrect
176.20148745164556,176.72767089438761,176.4645791730166,Lower your hips slightly on the left side! Lower your hips slightly on the right side!,Incorrect
176.4577108827938,176.38441974340014,176.42106531309696,Lower your hips slightly on the left side! Lower your hips slightly on the right side!,Incorrect
177.02155118041253,176.3387395657625,176.6801453730875,Lower your hips slightly on the left side! Lower your hips slightly on the right side!,Incorrect
175.89063036341975,176.07130554303112,175.98096795322544,Lower your hips slightly on the left side! Lower your hips slightly on the right side!,Incorrect
176.06178651934536,175.78870058707278,175.92524355320907,Lower your hips slightly on the left side! Lower your hips slightly on the right side!,Incorrect
176.28439574531552,175.18766663995788,175.7360311926367,Lower your hips slightly on the left side! Lower your hips slightly on the right side!,Incorrect
176.58492996092974,174.4669872831039,175.52595862201682,Lower your hips slightly on the left side! Lower your hips slightly on the right side!,Incorrect
176.66774472321154,174.52018818261178,175.59396645291167,Lower your hips slightly on the left side! Lower your hips slightly on the right side!,Incorrect
176.038873575564,174.9606238675347,175.49974872154934,Lower your hips slightly on the left side! Lower your hips slightly on the right side!,Incorrect
175.75283023529224,175.417609763826,175.58521999955911,Lower your hips slightly on the left side! Lower your hips slightly on the right side!,Incorrect
175.67961728003104,175.81721480900896,175.74841604452,Lower your hips slightly on the left side! Lower your hips slightly on the right side!,Incorrect
175.71874099920663,175.6799951480657,175.69936807363615,Lower your hips slightly on the left side! Lower your hips slightly on the right side!,Incorrect
175.7561133692239,176.42700954333188,176.09156145627787,Lower your hips slightly on the left side! Lower your hips slightly on the right side!,Incorrect
175.7902655709594,176.48039887811015,176.13533222453478,Lower your hips slightly on the left side! Lower your hips slightly on the right side!,Incorrect
175.74136788317904,176.21265136787295,175.977009625526,Lower your hips slightly on the left side! Lower your hips slightly on the right side!,Incorrect
175.96859557632934,176.77811436346335,176.37335496989635,Lower your hips slightly on the left side! Lower your hips slightly on the right side!,Incorrect
175.66479523846195,176.60860837792563,176.13670180819378,Lower your hips slightly on the left side! Lower your hips slightly on the right side!,Incorrect
175.62596916031484,176.37134722146624,175.99865819089052,Lower your hips slightly on the left side! Lower your hips slightly on the right side!,Incorrect
175.80338329298223,176.23917629431256,176.0212797936474,Lower your hips slightly on the left side! Lower your hips slightly on the right side!,Incorrect
175.27936018592888,176.66967216383512,175.974516174882,Lower your hips slightly on the left side! Lower your hips slightly on the right side!,Incorrect
175.20183795366478,176.85529970211704,176.02856882789092,Lower your hips slightly on the left side! Lower your hips slightly on the right side!,Incorrect
175.4475905916563,176.3811110521632,175.91435082190975,Lower your hips slightly on the left side! Lower your hips slightly on the right side!,Incorrect
175.62383875260596,176.37940801134755,176.00162338197674,Lower your hips slightly on the left side! Lower your hips slightly on the right side!,Incorrect
175.55891317769078,176.4295396661124,175.9942264219016,Lower your hips slightly on the left side! Lower your hips slightly on the right side!,Incorrect
175.6307416724941,176.6271699629146,176.12895581770437,Lower your hips slightly on the left side! Lower your hips slightly on the right side!,Incorrect
176.15477277777046,176.17628040559413,176.1655265916823,Lower your hips slightly on the left side! Lower your hips slightly on the right side!,Incorrect
176.22408238700132,176.25525006989577,176.23966622844853,Lower your hips slightly on the left side! Lower your hips slightly on the right side!,Incorrect
175.97299631519192,176.54510418326518,176.25905024922855,Lower your hips slightly on the left side! Lower your hips slightly on the right side!,Incorrect
175.60013051385513,176.79634546019756,176.19823798702635,Lower your hips slightly on the left side! Lower your hips slightly on the right side!,Incorrect
175.6063806305157,176.85076380518706,176.22857221785137,Lower your hips slightly on the left side! Lower your hips slightly on the right side!,Incorrect
175.46653915353633,176.89676757784403,176.18165336569018,Lower your hips slightly on the left side! Lower your hips slightly on the right side!,Incorrect
175.38037327789806,176.95165652441662,176.16601490115733,Lower your hips slightly on the left side! Lower your hips slightly on the right side!,Incorrect
174.6782036406502,177.79563153612,176.2369175883851,Lower your hips slightly on the left side! Lower your hips slightly on the right side!,Incorrect
174.52580106181617,177.92152934380496,176.22366520281057,Lower your hips slightly on the left side! Lower your hips slightly on the right side!,Incorrect
174.55896813977682,178.16696123985705,176.36296468981692,Lower your hips slightly on the left side! Lower your hips slightly on the right side!,Incorrect
174.7163807373094,178.05462118786537,176.3855009625874,Lower your hips slightly on the left side! Lower your hips slightly on the right side!,Incorrect
174.69878442643156,178.1949495551871,176.44686699080933,Lower your hips slightly on the left side! Lower your hips slightly on the right side!,Incorrect
174.62710667497117,178.42682215568445,176.52696441532783,Lower your hips slightly on the left side! Lower your hips slightly on the right side!,Incorrect
174.72260942600644,178.24215965773627,176.48238454187134,Lower your hips slightly on the left side! Lower your hips slightly on the right side!,Incorrect
174.6357310054875,178.22099854079994,176.4283647731437,Lower your hips slightly on the left side! Lower your hips slightly on the right side!,Incorrect
173.90644186147748,178.88530482307107,176.39587334227429,Lower your hips slightly on the left side! Lower your hips slightly on the right side!,Incorrect
173.91039136835215,178.83062097222034,176.37050617028626,Lower your hips slightly on the left side! Lower your hips slightly on the right side!,Incorrect
173.5902496891064,178.9812093678167,176.28572952846156,Lower your hips slightly on the left side! Lower your hips slightly on the right side!,Incorrect
173.6231877820171,179.09555030550894,176.35936904376302,Lower your hips slightly on the left side! Lower your hips slightly on the right side!,Incorrect
173.43293503384874,179.2607457541133,176.346840393981,Lower your hips slightly on the left side! Lower your hips slightly on the right side!,Incorrect
173.273727973689,179.57846503148468,176.42609650258686,Lower your hips slightly on the left side! Lower your hips slightly on the right side!,Incorrect
173.13364349434406,179.53095310866016,176.3322983015021,Lower your hips slightly on the left side! Lower your hips slightly on the right side!,Incorrect
173.1939309464002,179.38678751509073,176.29035923074548,Lower your hips slightly on the left side! Lower your hips slightly on the right side!,Incorrect
173.23500505011134,179.5398833706736,176.38744421039246,Lower your hips slightly on the left side! Lower your hips slightly on the right side!,Incorrect
173.3338812258055,179.96991878527638,176.65190000554094,Lower your hips slightly on the left side! Lower your hips slightly on the right side!,Incorrect
173.34700029029534,179.8476294347399,176.59731486251763,Lower your hips slightly on the left side! Lower your hips slightly on the right side!,Incorrect
173.5430956183998,179.79399737390818,176.668546496154,Lower your hips slightly on the left side! Lower your hips slightly on the right side!,Incorrect
174.08379774325553,178.1814831811262,176.13264046219086,Lower your hips slightly on the left side! Lower your hips slightly on the right side!,Incorrect
174.24579351412586,178.05597312338452,176.15088331875518,Lower your hips slightly on the left side! Lower your hips slightly on the right side!,Incorrect
174.17029172164717,178.04448522973516,176.10738847569115,Lower your hips slightly on the left side! Lower your hips slightly on the right side!,Incorrect
173.92798025404014,178.22484019982872,176.07641022693443,Lower your hips slightly on the left side! Lower your hips slightly on the right side!,Incorrect
174.48656115164744,177.76803246103114,176.1272968063393,Lower your hips slightly on the left side! Lower your hips slightly on the right side!,Incorrect
174.282295688161,178.3310175446138,176.3066566163874,Lower your hips slightly on the left side! Lower your hips slightly on the right side!,Incorrect
174.19152078895812,178.47325198575462,176.33238638735637,Lower your hips slightly on the left side! Lower your hips slightly on the right side!,Incorrect
174.11382512099829,178.6313381724102,176.37258164670425,Lower your hips slightly on the left side! Lower your hips slightly on the right side!,Incorrect
174.10163117068953,178.76265314153326,176.4321421561114,Lower your hips slightly on the left side! Lower your hips slightly on the right side!,Incorrect
174.09412315596248,178.80327407763056,176.44869861679652,Lower your hips slightly on the left side! Lower your hips slightly on the right side!,Incorrect
174.13475282168773,178.7388761801976,176.43681450094266,Lower your hips slightly on the left side! Lower your hips slightly on the right side!,Incorrect
174.35084587564336,178.45788353549827,176.4043647055708,Lower your hips slightly on the left side! Lower your hips slightly on the right side!,Incorrect
174.40599344583558,178.14727181308345,176.27663262945953,Lower your hips slightly on the left side! Lower your hips slightly on the right side!,Incorrect
175.08359187876334,177.67659297989596,176.38009242932964,Lower your hips slightly on the left side! Lower your hips slightly on the right side!,Incorrect
175.1655116122853,177.88080174224496,176.52315667726512,Lower your hips slightly on the left side! Lower your hips slightly on the right side!,Incorrect
174.28470076692687,177.97470916820004,176.12970496756344,Lower your hips slightly on the left side! Lower your hips slightly on the right side!,Incorrect
174.270054417727,178.50351675691485,176.38678558732093,Lower your hips slightly on the left side! Lower your hips slightly on the right side!,Incorrect
174.09677571631053,178.48880428112562,176.2927899987181,Lower your hips slightly on the left side! Lower your hips slightly on the right side!,Incorrect
174.06438369859194,178.60153525583794,176.33295947721496,Lower your hips slightly on the left side! Lower your hips slightly on the right side!,Incorrect
174.31311676292663,178.8380461278477,176.57558144538717,Lower your hips slightly on the left side! Lower your hips slightly on the right side!,Incorrect
173.91680165605658,179.21435899386958,176.5655803249631,Lower your hips slightly on the left side! Lower your hips slightly on the right side!,Incorrect
173.54382115826064,179.7871021916298,176.66546167494522,Lower your hips slightly on the left side! Lower your hips slightly on the right side!,Incorrect
173.68342914765483,179.50499811812347,176.59421363288914,Lower your hips slightly on the left side! Lower your hips slightly on the right side!,Incorrect
173.7666234142138,179.2734866931351,176.52005505367447,Lower your hips slightly on the left side! Lower your hips slightly on the right side!,Incorrect
174.49802442282578,177.94858341368527,176.2233039182555,Lower your hips slightly on the left side! Lower your hips slightly on the right side!,Incorrect
174.24431333038515,178.25682716900525,176.25057024969522,Lower your hips slightly on the left side! Lower your hips slightly on the right side!,Incorrect
173.88887025497445,178.77121318504854,176.33004172001148,Lower your hips slightly on the left side! Lower your hips slightly on the right side!,Incorrect
173.8223307463694,178.70802987521938,176.2651803107944,Lower your hips slightly on the left side! Lower your hips slightly on the right side!,Incorrect
173.9119009743341,178.46791460470308,176.1899077895186,Lower your hips slightly on the left side! Lower your hips slightly on the right side!,Incorrect
174.00135736111585,178.0971088501124,176.04923310561412,Lower your hips slightly on the left side! Lower your hips slightly on the right side!,Incorrect
174.1675067174955,178.09855223237736,176.13302947493645,Lower your hips slightly on the left side! Lower your hips slightly on the right side!,Incorrect
175.12719457805326,177.12616892982425,176.12668175393875,Lower your hips slightly on the left side! Lower your hips slightly on the right side!,Incorrect
175.29479085782177,177.30744817790003,176.3011195178609,Lower your hips slightly on the left side! Lower your hips slightly on the right side!,Incorrect
175.26575885866802,177.53268534351037,176.3992221010892,Lower your hips slightly on the left side! Lower your hips slightly on the right side!,Incorrect
175.10890958121354,177.5858633488142,176.34738646501387,Lower your hips slightly on the left side! Lower your hips slightly on the right side!,Incorrect
174.78940053334279,177.70971815456653,176.24955934395467,Lower your hips slightly on the left side! Lower your hips slightly on the right side!,Incorrect
174.94267260646373,177.5860812440409,176.26437692525232,Lower your hips slightly on the left side! Lower your hips slightly on the right side!,Incorrect
175.23847469676505,177.33263008399962,176.28555239038235,Lower your hips slightly on the left side! Lower your hips slightly on the right side!,Incorrect
175.08122312422282,177.53568915745493,176.30845614083887,Lower your hips slightly on the left side! Lower your hips slightly on the right side!,Incorrect
175.13100314573197,177.60621536091048,176.3686092533212,Lower your hips slightly on the left side! Lower your hips slightly on the right side!,Incorrect
174.9461167886068,177.65124811919875,176.29868245390276,Lower your hips slightly on the left side! Lower your hips slightly on the right side!,Incorrect
174.98024175776544,177.59276359879,176.2865026782777,Lower your hips slightly on the left side! Lower your hips slightly on the right side!,Incorrect
174.68282450493277,178.03396360194196,176.35839405343737,Lower your hips slightly on the left side! Lower your hips slightly on the right side!,Incorrect
174.6527966382848,177.79276507447054,176.22278085637765,Lower your hips slightly on the left side! Lower your hips slightly on the right side!,Incorrect
174.38682080508465,178.19227408396907,176.28954744452687,Lower your hips slightly on the left side! Lower your hips slightly on the right side!,Incorrect
174.41028203475113,178.2389543232492,176.32461817900017,Lower your hips slightly on the left side! Lower your hips slightly on the right side!,Incorrect
174.49785922207386,178.20346163683746,176.35066042945567,Lower your hips slightly on the left side! Lower your hips slightly on the right side!,Incorrect
174.00756552546744,178.76256566009258,176.38506559278,Lower your hips slightly on the left side! Lower your hips slightly on the right side!,Incorrect
174.18600647478524,178.6126392638369,176.39932286931108,Lower your hips slightly on the left side! Lower your hips slightly on the right side!,Incorrect
174.07843115410012,179.27264735959383,176.67553925684697,Lower your hips slightly on the left side! Lower your hips slightly on the right side!,Incorrect
174.26844505575386,178.75458301892948,176.51151403734167,Lower your hips slightly on the left side! Lower your hips slightly on the right side!,Incorrect
174.13133898271437,178.7248486963883,176.42809383955134,Lower your hips slightly on the left side! Lower your hips slightly on the right side!,Incorrect
174.14655726667914,178.82989317396238,176.48822522032077,Lower your hips slightly on the left side! Lower your hips slightly on the right side!,Incorrect
174.40848272236937,178.23953550976884,176.3240091160691,Lower your hips slightly on the left side! Lower your hips slightly on the right side!,Incorrect
174.03283195149243,179.0835177927493,176.55817487212084,Lower your hips slightly on the left side! Lower your hips slightly on the right side!,Incorrect
173.62332631725118,179.0622410652409,176.34278369124604,Lower your hips slightly on the left side! Lower your hips slightly on the right side!,Incorrect
173.92122740229925,178.83514082531497,176.3781841138071,Lower your hips slightly on the left side! Lower your hips slightly on the right side!,Incorrect
173.933210508461,178.75097871712768,176.34209461279434,Lower your hips slightly on the left side! Lower your hips slightly on the right side!,Incorrect
174.20333957120164,178.36724461634,176.2852920937708,Lower your hips slightly on the left side! Lower your hips slightly on the right side!,Incorrect
174.26236949707018,178.36235730030046,176.3123633986853,Lower your hips slightly on the left side! Lower your hips slightly on the right side!,Incorrect
174.13779340642094,178.23182685113127,176.18481012877612,Lower your hips slightly on the left side! Lower your hips slightly on the right side!,Incorrect
174.70858841261102,178.15513156032304,176.43185998646703,Lower your hips slightly on the left side! Lower your hips slightly on the right side!,Incorrect
174.4353435879424,178.43943958047691,176.43739158420965,Lower your hips slightly on the left side! Lower your hips slightly on the right side!,Incorrect
174.3158742781929,178.56437335892622,176.44012381855956,Lower your hips slightly on the left side! Lower your hips slightly on the right side!,Incorrect
174.27969089585082,178.46808064803434,176.37388577194258,Lower your hips slightly on the left side! Lower your hips slightly on the right side!,Incorrect
174.95813952862835,177.79472696090437,176.37643324476636,Lower your hips slightly on the left side! Lower your hips slightly on the right side!,Incorrect
174.42325532539098,178.3310290933013,176.37714220934615,Lower your hips slightly on the left side! Lower your hips slightly on the right side!,Incorrect
173.75800406209677,178.39944737494153,176.07872571851914,Lower your hips slightly on the left side! Lower your hips slightly on the right side!,Incorrect
173.75621330524964,178.70824097315423,176.23222713920194,Lower your hips slightly on the left side! Lower your hips slightly on the right side!,Incorrect
173.778457578357,178.6274322908481,176.20294493460256,Lower your hips slightly on the left side! Lower your hips slightly on the right side!,Incorrect
173.90674421907644,178.4970441347221,176.20189417689926,Lower your hips slightly on the left side! Lower your hips slightly on the right side!,Incorrect
173.7287652167177,178.81116424136704,176.26996472904239,Lower your hips slightly on the left side! Lower your hips slightly on the right side!,Incorrect
173.76477930699062,178.94040717821878,176.3525932426047,Lower your hips slightly on the left side! Lower your hips slightly on the right side!,Incorrect
174.0370468823113,178.93760646295402,176.48732667263266,Lower your hips slightly on the left side! Lower your hips slightly on the right side!,Incorrect
174.2912845272962,178.40693829063727,176.34911140896673,Lower your hips slightly on the left side! Lower your hips slightly on the right side!,Incorrect
174.47417926138888,178.05421219053173,176.2641957259603,Lower your hips slightly on the left side! Lower your hips slightly on the right side!,Incorrect
174.89757933952316,177.37297267961512,176.13527600956914,Lower your hips slightly on the left side! Lower your hips slightly on the right side!,Incorrect
174.63412813012295,177.49982740995318,176.06697777003808,Lower your hips slightly on the left side! Lower your hips slightly on the right side!,Incorrect
174.22750006149377,177.72501073003258,175.9762553957632,Lower your hips slightly on the left side! Lower your hips slightly on the right side!,Incorrect
173.68662136166031,178.77334747015652,176.2299844159084,Lower your hips slightly on the left side! Lower your hips slightly on the right side!,Incorrect
173.4668461050223,179.32109017141318,176.39396813821776,Lower your hips slightly on the left side! Lower your hips slightly on the right side!,Incorrect
173.77454832433983,179.05062652217512,176.4125874232575,Lower your hips slightly on the left side! Lower your hips slightly on the right side!,Incorrect
173.98356938018912,179.0391758074278,176.51137259380846,Lower your hips slightly on the left side! Lower your hips slightly on the right side!,Incorrect
174.41864763717757,177.62816180141763,176.02340471929762,Lower your hips slightly on the left side! Lower your hips slightly on the right side!,Incorrect
174.40458579314543,177.73485838563997,176.0697220893927,Lower your hips slightly on the left side! Lower your hips slightly on the right side!,Incorrect
174.3304512742858,177.77946538288197,176.0549583285839,Lower your hips slightly on the left side! Lower your hips slightly on the right side!,Incorrect
174.86987318923963,177.36218796227666,176.11603057575815,Lower your hips slightly on the left side! Lower your hips slightly on the right side!,Incorrect
175.68465133148578,176.7357029894708,176.21017716047828,Lower your hips slightly on the left side! Lower your hips slightly on the right side!,Incorrect
103.88374898128167,159.12354386753682,65.72938397043364,109.9648203930213,50.3774928750407,78.68850787524923,0.7780633911941991,Lower your hips slightly on the left side! Lower your hips slightly on the right side!,Incorrect
161.96558519946873,48.48761413491453,95.94972520741942,73.31124509649112,31.376483615936596,9.815745414536202,0.780845273624767,Lower your hips slightly on the left side! Straighten up your back on the right side!,Incorrect
129.53509802534865,156.31389536067235,77.56348916749847,88.28841431972798,50.533014481957714,116.83628469549217,0.8472237713409193,Lower your hips slightly on the left side! Lower your hips slightly on the right side!,Incorrect
108.69004096988259,142.09000441966737,58.359758700959155,111.51673825328886,94.40925934238072,62.314280253586475,0.7402911389415915,Lower your hips slightly on the left side! Lower your hips slightly on the right side!,Incorrect
121.49040197903517,178.76834117559022,63.96629922108271,106.25524789126737,86.00652230188932,46.49399138920569,0.7389240897063053,Lower your hips slightly on the left side! Lower your hips slightly on the right side!,Incorrect
176.8465774927247,171.78786399390563,110.81068292836456,62.50023728207308,63.14546379719337,118.48490249355018,0.6402777940542861,Lower your hips slightly on the left side! Lower your hips slightly on the right side!,Incorrect
68.03175522568895,67.0179398760119,48.14868984209462,130.34390780579182,20.97959800149942,161.54161970029125,0.7444470172578638,Straighten up your back on the left side! Straighten up your back on the right side!,Incorrect
136.77411426158096,139.93255274060425,23.83233197047305,151.32794995275643,118.15817208384942,63.523107513897806,0.5649103718725118,Lower your hips slightly on the left side! Lower your hips slightly on the right side!,Incorrect
87.96756114044167,171.03312137559794,98.87546118971683,73.79986433251474,25.92900626069569,78.33010798191646,0.8274168155410073,Lower your hips slightly on the right side!,Incorrect
173.56354,132.63658,92.987305,77.166374,63.90708,72.13936,0.7208353845459042,Lower your hips slightly on the left side! Lower your hips slightly on the right side!,Incorrect
176.7306,176.1701,75.44485,97.22731,99.068344,81.1602,0.637597330188934,Lower your hips slightly on the left side! Lower your hips slightly on the right side!,Incorrect
150.64027,166.64645,84.96736,75.6088,74.12309,82.58746,0.6242716806856069,Lower your hips slightly on the left side! Lower your hips slightly on the right side!,Incorrect
177.90889,110.46438,99.21883,70.0433,58.930508,60.180634,0.683008601155245,Lower your hips slightly on the left side! Lower your hips slightly on the right side!,Incorrect
177.81802,173.90457,75.278755,97.91959,98.89684,79.627396,0.6732162406498735,Lower your hips slightly on the left side! Lower your hips slightly on the right side!,Incorrect
177.55034,174.20935,73.41791,99.45997,98.883156,79.998665,0.6680560473239783,Lower your hips slightly on the left side! Lower your hips slightly on the right side!,Incorrect
177.2979,174.55527,71.019844,101.90927,97.8394,81.084656,0.6553348641503941,Lower your hips slightly on the left side! Lower your hips slightly on the right side!,Incorrect
176.9687,175.09108,70.81593,101.94556,97.130936,82.16736,0.643049718304114,Lower your hips slightly on the left side! Lower your hips slightly on the right side!,Incorrect
176.99695,175.30673,69.30234,104.00105,96.59982,82.400475,0.6319139906854341,Lower your hips slightly on the left side! Lower your hips slightly on the right side!,Incorrect
176.68535,175.43065,68.577255,104.88528,95.28915,83.36432,0.634051033041694,Lower your hips slightly on the left side! Lower your hips slightly on the right side!,Incorrect
178.96654,174.36427,73.583046,99.891075,94.79265,85.06403,0.6376290425206675,Lower your hips slightly on the left side! Lower your hips slightly on the right side!,Incorrect
178.64642,175.32732,80.51483,92.70613,94.51436,86.23842,0.6387253670078336,Lower your hips slightly on the left side! Lower your hips slightly on the right side!,Incorrect
178.2344,175.53693,81.09544,92.19378,92.39118,88.09091,0.636425340717489,Lower your hips slightly on the left side! Lower your hips slightly on the right side!,Incorrect
177.72897,175.6053,83.67559,89.18435,92.642044,87.83229,0.6323975609107451,Lower your hips slightly on the left side! Lower your hips slightly on the right side!,Incorrect
177.83287,176.616,82.74645,90.300674,91.41713,89.98462,0.6291739064635653,Lower your hips slightly on the left side! Lower your hips slightly on the right side!,Incorrect
177.35556,176.23294,84.971085,86.989174,92.475815,89.15243,0.6254532395890264,Lower your hips slightly on the left side! Lower your hips slightly on the right side!,Incorrect
176.59734,177.25612,85.19403,86.907616,90.94012,90.8117,0.620996917739059,Lower your hips slightly on the left side! Lower your hips slightly on the right side!,Incorrect
176.0089,178.0661,84.588684,87.52867,90.10784,91.849815,0.6220122704451735,Lower your hips slightly on the left side! Lower your hips slightly on the right side!,Incorrect
176.62764,176.84283,84.4892,87.76575,92.35642,88.85911,0.6187492539033745,Lower your hips slightly on the left side! Lower your hips slightly on the right side!,Incorrect
176.52654,176.05449,84.85985,86.993004,92.27493,88.45324,0.614908594976772,Lower your hips slightly on the left side! Lower your hips slightly on the right side!,Incorrect
176.57956,176.02391,84.46517,87.465126,91.918365,88.75481,0.6130598885091868,Lower your hips slightly on the left side! Lower your hips slightly on the right side!,Incorrect
176.55667,176.00027,83.54923,88.239815,91.34714,89.42075,0.6074043961636948,Lower your hips slightly on the left side! Lower your hips slightly on the right side!,Incorrect
176.7012,176.47382,83.8712,88.32688,89.83129,91.145645,0.6066505403229685,Lower your hips slightly on the left side! Lower your hips slightly on the right side!,Incorrect
176.67369,176.25891,83.31282,88.74578,91.277176,89.59683,0.6078457329986673,Lower your hips slightly on the left side! Lower your hips slightly on the right side!,Incorrect
176.64526,176.21765,82.91637,89.03251,90.829834,90.0842,0.6084434367490538,Lower your hips slightly on the left side! Lower your hips slightly on the right side!,Incorrect
176.45432,176.31502,83.69022,88.21745,92.73917,88.12249,0.6085501317725037,Lower your hips slightly on the left side! Lower your hips slightly on the right side!,Incorrect
176.40846,176.04271,83.207016,88.45294,93.11178,87.67943,0.6060958930263014,Lower your hips slightly on the left side! Lower your hips slightly on the right side!,Incorrect
176.38489,175.4634,84.89959,86.631485,93.980125,86.33708,0.6025214432315393,Lower your hips slightly on the left side! Lower your hips slightly on the right side!,Incorrect
176.51212,175.27988,84.57153,86.89069,93.88883,86.44093,0.5990768685711153,Lower your hips slightly on the left side! Lower your hips slightly on the right side!,Incorrect
177.07347,174.86008,84.902794,86.637436,93.56784,86.82547,0.599028232140523,Lower your hips slightly on the left side! Lower your hips slightly on the right side!,Incorrect
176.24454,176.79869,85.167145,86.89021,93.1647,87.82116,0.5953484216535633,Lower your hips slightly on the left side! Lower your hips slightly on the right side!,Incorrect
176.06425,176.07005,86.11076,85.80984,93.093094,87.12062,0.5979948217105685,Lower your hips slightly on the left side! Lower your hips slightly on the right side!,Incorrect
176.07816,176.13118,85.78927,85.9052,93.01254,87.502335,0.5963864997029305,Lower your hips slightly on the left side! Lower your hips slightly on the right side!,Incorrect
176.67369,176.00905,85.585045,86.52997,92.20291,88.364815,0.5929140983657404,Lower your hips slightly on the left side! Lower your hips slightly on the right side!,Incorrect
176.70544,176.152,85.486206,87.23576,89.88706,90.24841,0.5954617681828412,Lower your hips slightly on the left side! Lower your hips slightly on the right side!,Incorrect
176.68503,176.04361,84.46022,88.267715,89.335106,90.6656,0.5949437546007561,Lower your hips slightly on the left side! Lower your hips slightly on the right side!,Incorrect
176.97534,175.371,85.43314,87.32459,88.58503,91.003586,0.596721607824844,Lower your hips slightly on the left side! Lower your hips slightly on the right side!,Incorrect
176.5063,176.52965,85.17767,87.7043,86.28807,93.86591,0.5951464317005241,Lower your hips slightly on the left side! Lower your hips slightly on the right side!,Incorrect
177.29147,176.11284,82.487755,90.68592,91.77199,88.45864,0.6019647847861052,Lower your hips slightly on the left side! Lower your hips slightly on the right side!,Incorrect
178.57104,175.40285,73.200264,99.88042,93.49923,87.39399,0.6005914500547629,Lower your hips slightly on the left side! Lower your hips slightly on the right side!,Incorrect
177.3589,174.94588,72.04935,100.242004,93.190994,86.82245,0.5977331193333323,Lower your hips slightly on the left side! Lower your hips slightly on the right side!,Incorrect
177.14574,175.92453,69.90807,101.55065,97.97557,83.63597,0.601114368517742,Lower your hips slightly on the left side! Lower your hips slightly on the right side!,Incorrect
179.13567,174.68265,63.8961,108.03734,92.88939,88.99547,0.6029647981296434,Lower your hips slightly on the left side! Lower your hips slightly on the right side!,Incorrect
178.58588,174.2185,71.51996,101.09158,86.413666,93.779175,0.611647463177867,Lower your hips slightly on the left side! Lower your hips slightly on the right side!,Incorrect
177.39352,174.56313,88.923416,83.2631,90.873276,88.896866,0.6058480940392297,Lower your hips slightly on the left side! Lower your hips slightly on the right side!,Incorrect
177.5492,174.87747,80.44729,91.926414,94.66262,85.390335,0.6053046426933372,Lower your hips slightly on the left side! Lower your hips slightly on the right side!,Incorrect
179.5535,175.65395,73.123634,100.71207,91.78846,89.583275,0.6119897915332606,Lower your hips slightly on the left side! Lower your hips slightly on the right side!,Incorrect
179.4898,175.33716,73.14225,101.16752,92.537315,89.00027,0.614882753893846,Lower your hips slightly on the left side! Lower your hips slightly on the right side!,Incorrect
179.8089,176.38081,73.23458,101.71641,94.69697,86.92396,0.6217567521768311,Lower your hips slightly on the left side! Lower your hips slightly on the right side!,Incorrect
179.65225,174.13693,82.86953,90.15522,91.003654,89.76079,0.6278255103071305,Lower your hips slightly on the left side! Lower your hips slightly on the right side!,Incorrect
177.0018,174.02567,82.29172,90.44025,92.82563,85.46987,0.6328586472099591,Lower your hips slightly on the left side! Lower your hips slightly on the right side!,Incorrect
176.54648,174.97844,84.64816,87.98198,94.92076,83.97402,0.6378531159099304,Lower your hips slightly on the left side! Lower your hips slightly on the right side!,Incorrect
174.80728,178.40044,84.42905,88.48122,95.458244,84.83922,0.6403184006004735,Lower your hips slightly on the left side! Lower your hips slightly on the right side!,Incorrect
173.57446,178.04018,81.38724,90.80766,98.97554,80.44421,0.6444539414422418,Lower your hips slightly on the left side! Lower your hips slightly on the right side!,Incorrect
176.10349,176.80899,81.475235,90.82402,99.00256,81.61066,0.6483965986690512,Lower your hips slightly on the left side! Lower your hips slightly on the right side!,Incorrect
176.10298,176.77145,83.667595,88.87601,94.43943,85.89141,0.6503961654379964,Lower your hips slightly on the left side! Lower your hips slightly on the right side!,Incorrect
176.97504,176.42879,85.00193,87.662384,87.08757,93.65194,0.6535274066440196,Lower your hips slightly on the left side! Lower your hips slightly on the right side!,Incorrect
176.17331,175.65735,81.92032,89.57263,92.729126,87.608574,0.65690180843442,Lower your hips slightly on the left side! Lower your hips slightly on the right side!,Incorrect
177.15353,174.28433,79.46671,91.953476,93.15866,86.85901,0.6535071529567975,Lower your hips slightly on the left side! Lower your hips slightly on the right side!,Incorrect
176.4707,174.97153,76.322914,95.21176,91.93893,87.96863,0.6456820685169519,Lower your hips slightly on the left side! Lower your hips slightly on the right side!,Incorrect
177.67116,175.25967,76.86651,95.6373,93.000565,87.42646,0.6459741287081587,Lower your hips slightly on the left side! Lower your hips slightly on the right side!,Incorrect
178.88657,175.51877,79.19291,94.25915,93.32287,87.63042,0.6504970428138745,Lower your hips slightly on the left side! Lower your hips slightly on the right side!,Incorrect
177.04651,176.2793,74.22338,97.01409,92.266884,89.82144,0.6529989187626846,Lower your hips slightly on the left side! Lower your hips slightly on the right side!,Incorrect
175.88544,177.13159,73.67205,97.347244,92.30216,89.695564,0.6537843367938573,Lower your hips slightly on the left side! Lower your hips slightly on the right side!,Incorrect
176.70491,176.57701,67.69201,103.621796,98.306725,83.66139,0.6553807702889158,Lower your hips slightly on the left side! Lower your hips slightly on the right side!,Incorrect
176.79549,176.81703,66.6214,104.38132,97.3376,85.272194,0.6574146072239135,Lower your hips slightly on the left side! Lower your hips slightly on the right side!,Incorrect
175.8751,176.1569,67.35696,103.24405,93.03274,88.398254,0.6590798631448045,Lower your hips slightly on the left side! Lower your hips slightly on the right side!,Incorrect
175.84421,177.06999,67.81302,103.27356,93.25041,88.57722,0.6602539408944942,Lower your hips slightly on the left side! Lower your hips slightly on the right side!,Incorrect
176.2731,176.4021,67.95767,103.0573,93.39018,88.27006,0.6621597810352052,Lower your hips slightly on the left side! Lower your hips slightly on the right side!,Incorrect
175.78667,176.34584,69.022125,101.62761,93.73491,87.74786,0.6631786442735712,Lower your hips slightly on the left side! Lower your hips slightly on the right side!,Incorrect
175.47899,177.02507,70.98206,99.44609,91.902374,90.17352,0.6641003381457378,Lower your hips slightly on the left side! Lower your hips slightly on the right side!,Incorrect
177.82042,179.31535,78.60142,95.40752,89.441315,93.68552,0.666586483123176,Lower your hips slightly on the left side! Lower your hips slightly on the right side!,Incorrect
175.4767,175.83696,84.85569,87.98034,107.34412,71.133514,0.6681426122509451,Lower your hips slightly on the left side! Lower your hips slightly on the right side!,Incorrect
7.236082,0.36323646,87.223915,84.09002,84.354485,79.36014,0.6762096854491215,Straighten up your back on the left side! Straighten up your back on the right side!,Incorrect
171.50258,174.87334,89.444916,83.09947,91.47148,82.36005,0.673302211671729,Lower your hips slightly on the left side! Lower your hips slightly on the right side!,Incorrect
174.70227,176.50635,93.13204,80.3735,86.742386,90.96071,0.6731783941416352,Lower your hips slightly on the left side! Lower your hips slightly on the right side!,Incorrect
175.98601,175.5124,94.22991,78.58538,83.82964,94.85348,0.6709478391955296,Lower your hips slightly on the left side! Lower your hips slightly on the right side!,Incorrect
175.81622,175.71295,92.04292,80.695496,81.70996,97.08079,0.6638003068863216,Lower your hips slightly on the left side! Lower your hips slightly on the right side!,Incorrect
177.18732,175.45708,91.05929,82.15355,83.26985,96.1617,0.6556177717689989,Lower your hips slightly on the left side! Lower your hips slightly on the right side!,Incorrect
178.68907,175.41327,88.60236,84.653206,83.316956,97.529816,0.6418494321405888,Lower your hips slightly on the left side! Lower your hips slightly on the right side!,Incorrect
178.76306,175.25592,88.89254,84.420044,85.695946,95.01046,0.6281316283469399,Lower your hips slightly on the left side! Lower your hips slightly on the right side!,Incorrect
178.97566,175.00333,88.8175,84.487686,85.569595,95.10421,0.6174706061173117,Lower your hips slightly on the left side! Lower your hips slightly on the right side!,Incorrect
178.73317,175.02798,88.88999,84.326744,86.304276,94.24014,0.6065823903914089,Lower your hips slightly on the left side! Lower your hips slightly on the right side!,Incorrect
179.59415,174.61447,87.4681,86.166405,83.39986,97.17425,0.5965203693997341,Lower your hips slightly on the left side! Lower your hips slightly on the right side!,Incorrect
179.2655,174.6398,87.37699,86.13075,83.73956,96.65799,0.5872983596725108,Lower your hips slightly on the left side! Lower your hips slightly on the right side!,Incorrect
179.66385,174.78748,86.05677,87.93135,82.996544,97.46665,0.5806031621018932,Lower your hips slightly on the left side! Lower your hips slightly on the right side!,Incorrect
179.84541,173.99347,86.24657,87.9504,83.05097,96.90013,0.5739253750423703,Lower your hips slightly on the left side! Lower your hips slightly on the right side!,Incorrect
179.28996,173.44522,86.12778,87.92104,85.8897,94.216736,0.5690661804524787,Lower your hips slightly on the left side! Lower your hips slightly on the right side!,Incorrect
179.0616,173.62996,85.311966,89.11335,85.76553,94.3775,0.5620317492831611,Lower your hips slightly on the left side! Lower your hips slightly on the right side!,Incorrect
179.36043,173.90468,85.6507,88.53528,85.59431,94.76397,0.5552929435948362,Lower your hips slightly on the left side! Lower your hips slightly on the right side!,Incorrect
178.63614,174.24649,86.31026,88.31562,84.97449,96.00998,0.5509716744294785,Lower your hips slightly on the left side! Lower your hips slightly on the right side!,Incorrect
179.18042,174.17113,86.35565,87.93177,83.243675,97.4596,0.545437726640199,Lower your hips slightly on the left side! Lower your hips slightly on the right side!,Incorrect
179.21494,173.9584,86.811386,87.247345,82.59395,98.09079,0.5421985958201924,Lower your hips slightly on the left side! Lower your hips slightly on the right side!,Incorrect
179.27147,174.3313,87.463104,86.907135,86.18444,94.50515,0.5397921354848553,Lower your hips slightly on the left side! Lower your hips slightly on the right side!,Incorrect
179.42378,174.41708,88.84426,85.48685,85.97466,94.68752,0.5383401951844324,Lower your hips slightly on the left side! Lower your hips slightly on the right side!,Incorrect
179.44456,174.58107,89.03043,85.356285,85.64154,95.10824,0.5363504989037403,Lower your hips slightly on the left side! Lower your hips slightly on the right side!,Incorrect
179.52057,174.79118,88.51398,85.87508,84.725136,96.156425,0.535662737837287,Lower your hips slightly on the left side! Lower your hips slightly on the right side!,Incorrect
179.95122,174.68622,88.73049,85.51655,86.80534,93.68263,0.5340385758706058,Lower your hips slightly on the left side! Lower your hips slightly on the right side!,Incorrect
179.91714,174.3343,85.29222,88.35878,86.5923,94.17386,0.5419571573218105,Lower your hips slightly on the left side! Lower your hips slightly on the right side!,Incorrect
179.92947,173.7545,83.73521,89.53797,84.426636,96.1252,0.5513714751860155,Lower your hips slightly on the left side! Lower your hips slightly on the right side!,Incorrect
179.32549,172.5977,80.65834,92.08035,86.159195,94.37433,0.5597362709302229,Lower your hips slightly on the left side! Lower your hips slightly on the right side!,Incorrect
179.17114,174.14247,79.65426,92.826164,87.68301,93.15019,0.5666438659395543,Lower your hips slightly on the left side! Lower your hips slightly on the right side!,Incorrect
179.39684,175.01393,87.01312,85.88104,90.10364,91.412964,0.5768406734463166,Lower your hips slightly on the left side! Lower your hips slightly on the right side!,Incorrect
179.55748,174.55534,82.44659,90.41531,92.09301,89.157906,0.5877451062392951,Lower your hips slightly on the left side! Lower your hips slightly on the right side!,Incorrect
179.34013,175.5016,95.22155,78.06413,87.33575,94.22032,0.5923070021107737,Lower your hips slightly on the left side! Lower your hips slightly on the right side!,Incorrect
178.8637,175.85542,92.97111,80.97995,87.094925,93.673134,0.5964646920126115,Lower your hips slightly on the left side! Lower your hips slightly on the right side!,Incorrect
175.26047,178.6838,96.04345,76.967354,84.65117,96.2823,0.5914788809728414,Lower your hips slightly on the left side! Lower your hips slightly on the right side!,Incorrect
176.20909,177.73175,91.227776,81.89642,87.50029,93.316345,0.5947087423048674,Lower your hips slightly on the left side! Lower your hips slightly on the right side!,Incorrect
179.79681,174.35413,84.515366,88.819534,84.05592,96.76011,0.6031046737969684,Lower your hips slightly on the left side! Lower your hips slightly on the right side!,Incorrect
179.85966,174.91551,81.36961,92.30399,87.17249,93.92907,0.611381948493407,Lower your hips slightly on the left side! Lower your hips slightly on the right side!,Incorrect
179.5261,174.2938,78.43641,94.77772,88.54627,93.007286,0.6108893258982183,Lower your hips slightly on the left side! Lower your hips slightly on the right side!,Incorrect
179.29733,175.69308,82.4739,90.70163,89.92941,91.88548,0.6186704681551253,Lower your hips slightly on the left side! Lower your hips slightly on the right side!,Incorrect
175.97609,176.41011,89.21309,82.81079,89.78897,90.573364,0.625671186651964,Lower your hips slightly on the left side! Lower your hips slightly on the right side!,Incorrect
176.22801,177.26312,92.096886,80.36913,87.29899,93.72613,0.6308416582478182,Lower your hips slightly on the left side! Lower your hips slightly on the right side!,Incorrect
176.26355,177.62608,91.18318,81.50915,89.19989,91.99741,0.6354051985368697,Lower your hips slightly on the left side! Lower your hips slightly on the right side!,Incorrect
176.04323,177.55084,92.15085,80.29997,88.48547,92.65777,0.6405118533721454,Lower your hips slightly on the left side! Lower your hips slightly on the right side!,Incorrect
176.203,177.98068,87.48427,85.33547,89.63656,91.72738,0.6371246169084881,Lower your hips slightly on the left side! Lower your hips slightly on the right side!,Incorrect
176.44945,178.21912,86.43863,86.488625,90.212616,91.528694,0.6404417899757391,Lower your hips slightly on the left side! Lower your hips slightly on the right side!,Incorrect
176.46017,178.18881,86.807976,86.60421,87.46754,93.769264,0.6334629943051947,Lower your hips slightly on the left side! Lower your hips slightly on the right side!,Incorrect
175.80147,178.36707,89.00399,84.44515,84.1961,96.52329,0.6281044039307303,Lower your hips slightly on the left side! Lower your hips slightly on the right side!,Incorrect
175.18152,178.56934,90.89169,82.55716,83.097015,97.20498,0.6274425490899541,Lower your hips slightly on the left side! Lower your hips slightly on the right side!,Incorrect
176.69814,177.21227,95.84891,78.07238,83.44224,96.54688,0.6311815455655133,Lower your hips slightly on the left side! Lower your hips slightly on the right side!,Incorrect
177.07422,176.89693,81.91991,91.8847,86.77015,93.3964,0.6252117640262551,Lower your hips slightly on the left side! Lower your hips slightly on the right side!,Incorrect
177.59819,176.98198,78.43855,95.43114,84.7899,95.92057,0.6224061217510484,Lower your hips slightly on the left side! Lower your hips slightly on the right side!,Incorrect
177.45837,177.68922,80.29959,93.740654,84.9931,96.11425,0.6222941531887045,Lower your hips slightly on the left side! Lower your hips slightly on the right side!,Incorrect
176.90204,178.00182,84.403336,89.421745,85.40182,95.67694,0.618103817879852,Lower your hips slightly on the left side! Lower your hips slightly on the right side!,Incorrect
176.49213,177.81123,82.307365,91.22014,86.058624,94.717224,0.6137386412363302,Lower your hips slightly on the left side! Lower your hips slightly on the right side!,Incorrect
176.6008,177.53004,83.35138,90.14284,86.57084,94.06579,0.6138047893013705,Lower your hips slightly on the left side! Lower your hips slightly on the right side!,Incorrect
176.52373,178.00166,86.065216,87.47859,86.24936,94.73222,0.6118731404289561,Lower your hips slightly on the left side! Lower your hips slightly on the right side!,Incorrect
176.4699,177.50974,83.3741,89.69423,86.17216,94.73916,0.6082422412665355,Lower your hips slightly on the left side! Lower your hips slightly on the right side!,Incorrect
176.0704,177.59102,85.99266,86.65524,85.646904,95.366615,0.6095417358539469,Lower your hips slightly on the left side! Lower your hips slightly on the right side!,Incorrect
176.00243,177.35097,84.84483,87.65243,85.588234,95.2679,0.6060777698896179,Lower your hips slightly on the left side! Lower your hips slightly on the right side!,Incorrect
175.56332,178.88943,84.83352,88.22666,85.8517,95.540886,0.6036956620272108,Lower your hips slightly on the left side! Lower your hips slightly on the right side!,Incorrect
175.75691,179.01366,84.838875,88.404396,86.37523,95.15207,0.60141515455722,Lower your hips slightly on the left side! Lower your hips slightly on the right side!,Incorrect
176.19104,178.5042,83.75701,90.05778,86.27296,94.60748,0.5997234219678031,Lower your hips slightly on the left side! Lower your hips slightly on the right side!,Incorrect
176.83948,178.11902,81.40306,92.525,88.34162,92.68883,0.5967151734452769,Lower your hips slightly on the left side! Lower your hips slightly on the right side!,Incorrect
176.60234,178.21758,81.74774,92.08644,87.48794,93.497795,0.5951458652759329,Lower your hips slightly on the left side! Lower your hips slightly on the right side!,Incorrect
176.66199,177.97484,81.149605,92.42375,87.622375,93.44109,0.5940909867076147,Lower your hips slightly on the left side! Lower your hips slightly on the right side!,Incorrect
176.60152,178.01897,80.957146,92.57239,87.00043,94.09052,0.593363973028538,Lower your hips slightly on the left side! Lower your hips slightly on the right side!,Incorrect
176.80103,177.8447,83.70551,89.67706,86.72483,94.53831,0.596316423204619,Lower your hips slightly on the left side! Lower your hips slightly on the right side!,Incorrect
176.69977,177.76472,81.1704,92.06545,85.22041,96.00823,0.594606045626499,Lower your hips slightly on the left side! Lower your hips slightly on the right side!,Incorrect
176.25414,177.7058,81.917435,91.06844,85.370575,95.60348,0.5943838238574078,Lower your hips slightly on the left side! Lower your hips slightly on the right side!,Incorrect
176.22247,178.13629,82.76571,90.51355,87.3881,93.69141,0.5952996760706535,Lower your hips slightly on the left side! Lower your hips slightly on the right side!,Incorrect
176.33627,177.93175,82.38043,90.76762,85.87197,95.24801,0.5967619083644835,Lower your hips slightly on the left side! Lower your hips slightly on the right side!,Incorrect
176.37558,178.13055,82.46495,90.669754,85.28999,96.081436,0.5975798376034205,Lower your hips slightly on the left side! Lower your hips slightly on the right side!,Incorrect
176.72844,177.43181,89.18768,83.87338,87.604385,93.494804,0.6052606489839959,Lower your hips slightly on the left side! Lower your hips slightly on the right side!,Incorrect
176.74239,176.17151,86.66091,86.23708,85.08779,94.9281,0.6011652855687785,Lower your hips slightly on the left side! Lower your hips slightly on the right side!,Incorrect
176.53178,176.65462,87.58102,85.2723,93.06764,87.26543,0.6039669411109461,Lower your hips slightly on the left side! Lower your hips slightly on the right side!,Incorrect
176.82437,176.23715,83.409096,89.19188,92.163345,88.2972,0.6104996688091805,Lower your hips slightly on the left side! Lower your hips slightly on the right side!,Incorrect
176.91183,175.38818,88.48033,84.14169,87.77907,91.89893,0.6159422580964625,Lower your hips slightly on the left side! Lower your hips slightly on the right side!,Incorrect
178.20297,175.411,83.00553,90.325676,91.72816,88.554596,0.6128055009976654,Lower your hips slightly on the left side! Lower your hips slightly on the right side!,Incorrect
178.35368,175.21773,82.22938,91.22146,90.80214,89.31843,0.6174268990792398,Lower your hips slightly on the left side! Lower your hips slightly on the right side!,Incorrect
178.15836,176.49052,80.40136,93.124245,90.61518,90.5081,0.6222570346116933,Lower your hips slightly on the left side! Lower your hips slightly on the right side!,Incorrect
178.58229,175.86179,80.22401,93.50148,88.68839,92.03019,0.6269705884674432,Lower your hips slightly on the left side! Lower your hips slightly on the right side!,Incorrect
177.75127,176.40997,80.92759,92.26275,84.903046,96.06786,0.6257738475266679,Lower your hips slightly on the left side! Lower your hips slightly on the right side!,Incorrect
177.47708,176.11044,80.95101,91.47905,83.663635,97.49383,0.6255046476483889,Lower your hips slightly on the left side! Lower your hips slightly on the right side!,Incorrect
177.17258,177.54607,81.89654,91.552505,90.62375,90.64585,0.6245251904313618,Lower your hips slightly on the left side! Lower your hips slightly on the right side!,Incorrect
179.0946,177.6156,82.51346,92.57164,90.96461,90.66049,0.6253342721362115,Lower your hips slightly on the left side! Lower your hips slightly on the right side!,Incorrect
179.16994,177.48286,84.392166,90.89382,92.74491,88.621895,0.6302789128429581,Lower your hips slightly on the left side! Lower your hips slightly on the right side!,Incorrect
178.82442,174.15683,74.32045,98.18703,93.731155,86.74262,0.628177539429585,Lower your hips slightly on the left side! Lower your hips slightly on the right side!,Incorrect
179.76036,175.39258,77.254135,97.12045,85.97827,94.80007,0.6297803046613946,Lower your hips slightly on the left side! Lower your hips slightly on the right side!,Incorrect
179.72815,174.38771,80.0865,94.027115,84.57891,95.96704,0.6180004478931854,Lower your hips slightly on the left side! Lower your hips slightly on the right side!,Incorrect
178.91635,174.786,77.15308,95.77501,89.831245,90.943016,0.6157356514745378,Lower your hips slightly on the left side! Lower your hips slightly on the right side!,Incorrect
176.86145,176.08557,79.19797,93.52383,86.420555,93.80467,0.6158477764260941,Lower your hips slightly on the left side! Lower your hips slightly on the right side!,Incorrect
177.16808,177.35301,75.11633,97.89771,86.173225,95.33382,0.619956687791273,Lower your hips slightly on the left side! Lower your hips slightly on the right side!,Incorrect
176.48157,178.11981,78.23161,94.44839,86.75069,95.17069,0.6119339120226813,Lower your hips slightly on the left side! Lower your hips slightly on the right side!,Incorrect
177.52719,176.2367,80.0209,92.5603,88.652565,92.53013,0.60837638928338,Lower your hips slightly on the left side! Lower your hips slightly on the right side!,Incorrect
177.48262,176.17165,81.55938,90.98767,87.11222,93.99498,0.6070316415017728,Lower your hips slightly on the left side! Lower your hips slightly on the right side!,Incorrect
177.55496,175.52245,80.64156,92.12944,84.330635,95.97577,0.6095882066268435,Lower your hips slightly on the left side! Lower your hips slightly on the right side!,Incorrect
177.11783,176.18398,81.021,91.61768,83.45156,97.21154,0.6074178643239341,Lower your hips slightly on the left side! Lower your hips slightly on the right side!,Incorrect
175.55066,176.08995,80.040184,91.75574,83.58271,96.261986,0.6050272038659331,Lower your hips slightly on the left side! Lower your hips slightly on the right side!,Incorrect
175.65382,175.51979,80.389244,91.2063,85.47486,94.103195,0.6061199076505022,Lower your hips slightly on the left side! Lower your hips slightly on the right side!,Incorrect
175.5689,175.64296,80.23619,91.59465,83.68606,95.694954,0.6040999064980221,Lower your hips slightly on the left side! Lower your hips slightly on the right side!,Incorrect
175.63983,176.12491,81.09065,90.92343,84.734024,95.016624,0.6028813707345045,Lower your hips slightly on the left side! Lower your hips slightly on the right side!,Incorrect
175.04973,176.85574,84.09264,88.051384,84.42729,95.33415,0.601759661520191,Lower your hips slightly on the left side! Lower your hips slightly on the right side!,Incorrect
176.20587,176.13515,83.58999,88.811104,84.6068,95.33314,0.5996689739486928,Lower your hips slightly on the left side! Lower your hips slightly on the right side!,Incorrect
176.43816,176.35622,84.24539,88.39924,85.06955,95.08019,0.5989473443830017,Lower your hips slightly on the left side! Lower your hips slightly on the right side!,Incorrect
176.54663,176.2241,83.81063,88.90756,85.92225,94.130295,0.6002120797992657,Lower your hips slightly on the left side! Lower your hips slightly on the right side!,Incorrect
176.43427,176.69522,83.20528,89.491974,86.040665,94.39156,0.5985986429160689,Lower your hips slightly on the left side! Lower your hips slightly on the right side!,Incorrect
175.65268,176.60297,84.25692,88.10488,84.95855,94.93529,0.5957852587520889,Lower your hips slightly on the left side! Lower your hips slightly on the right side!,Incorrect
175.19023,177.5897,83.816055,88.61035,84.32123,96.032295,0.5915513930798845,Lower your hips slightly on the left side! Lower your hips slightly on the right side!,Incorrect
174.9909,177.15457,83.4754,88.54227,83.37896,96.74884,0.5906887579190383,Lower your hips slightly on the left side! Lower your hips slightly on the right side!,Incorrect
174.63731,178.16783,83.80221,88.17195,85.291214,95.53977,0.5877037855239133,Lower your hips slightly on the left side! Lower your hips slightly on the right side!,Incorrect
175.09904,177.89056,84.24951,88.30227,85.39703,95.04079,0.5865787596503651,Lower your hips slightly on the left side! Lower your hips slightly on the right side!,Incorrect
175.17291,177.37839,83.27198,89.2208,84.47814,95.580376,0.5868986058225842,Lower your hips slightly on the left side! Lower your hips slightly on the right side!,Incorrect
175.34743,177.39345,83.73998,88.88001,84.75482,95.366066,0.5848613559532388,Lower your hips slightly on the left side! Lower your hips slightly on the right side!,Incorrect
175.43011,177.15547,84.38926,88.038475,83.042725,97.11512,0.5838446436338486,Lower your hips slightly on the left side! Lower your hips slightly on the right side!,Incorrect
176.39632,178.00568,84.74313,88.55324,83.286125,97.819496,0.5812652925566605,Lower your hips slightly on the left side! Lower your hips slightly on the right side!,Incorrect
177.10619,178.37856,82.51726,91.62428,89.047325,92.29587,0.5798447699305116,Lower your hips slightly on the left side! Lower your hips slightly on the right side!,Incorrect
176.77644,178.38777,80.14105,93.69922,89.483185,91.84077,0.5816485274940946,Lower your hips slightly on the left side! Lower your hips slightly on the right side!,Incorrect
176.89842,178.39516,78.607155,95.20877,89.114044,92.36362,0.5812599787457546,Lower your hips slightly on the left side! Lower your hips slightly on the right side!,Incorrect
177.04321,178.21153,78.30459,95.65961,89.433044,91.85751,0.5825120506842033,Lower your hips slightly on the left side! Lower your hips slightly on the right side!,Incorrect
177.10849,177.83417,78.45901,95.08856,89.58296,91.81213,0.5886110758334656,Lower your hips slightly on the left side! Lower your hips slightly on the right side!,Incorrect
176.57626,178.45515,80.49236,93.1243,89.73733,91.67744,0.5900604270228597,Lower your hips slightly on the left side! Lower your hips slightly on the right side!,Incorrect
